,UA,NUA,MIX
UA,0.84,0.1,0.06
NUA,0.03488372093023256,0.9534883720930233,0.011627906976744186
MIX,0.0,0.013888888888888888,0.9861111111111112
