,UA,NUA,MIX
UA,0.84,0.06,0.1
NUA,0.0,1.0,0.0
MIX,0.013888888888888888,0.013888888888888888,0.9722222222222222
