,UA,NUA,MIX
UA,0.94,0.02,0.04
NUA,0.0,0.9883720930232558,0.011627906976744186
MIX,0.0,0.0,1.0
