,UA,NUA,MIX
UA,0.52,0.28,0.2
NUA,0.0,1.0,0.0
MIX,0.013888888888888888,0.027777777777777776,0.9583333333333334
