,UA,NUA,MIX
UA,0.78,0.1,0.12
NUA,0.023255813953488372,0.9767441860465116,0.0
MIX,0.08333333333333333,0.041666666666666664,0.875
