,UA,NUA,MIX
UA,0.4,0.3,0.3
NUA,0.0,1.0,0.0
MIX,0.0,0.027777777777777776,0.9722222222222222
