,UA,NUA,MIX
UA,0.9,0.06,0.04
NUA,0.0,1.0,0.0
MIX,0.027777777777777776,0.05555555555555555,0.9166666666666666
